Name,Class,Portrait,Lv,HP,Str,Mag,Skl,Spd,Def,Res,Luck,Con,Mov,Sword,Lance,Axe,Bow,Staff,Anima,Light,Dark,HP Growth,Str Growth,Mag Growth,Skl Growth,Spd Growth,Def Growth,Res Growth,Luck Growth,Leadership,Skills,Prf,Promotion Class,HP Gains,Str Gains,Mag Gains,Skl Gains,Spd Gains,Def Gains,Res Gains,Con Gains,Mov Gains,Sword Gains,Lance Gains,Axe Gains,Bow Gains,Staff Gains,Anima Gains,Light Gains,Dark Gains,Promotion Class 2,HP Gains 2,Str Gains 2,Mag Gains 2,Skl Gains 2,Spd Gains 2,Def Gains 2,Res Gains 2,Con Gains 2,Mov Gains 2,Sword Gains 2,Lance Gains 2,Prf Name,Prf Description,Prf Weapon Type,Prf Uses,Prf Mt,Prf Hit,Prf Wt,Prf Crit,Prf Range,Prf Name 2,Prf Description 2,Prf Weapon Type 2,Prf Uses 2,Prf Mt 2,Prf Hit 2,Prf Wt 2,Prf Crit 2,Prf Range 2,Prf Name 3,Prf Description 3,Prf Weapon Type 3,Prf Uses 3,Prf Mt 3,Prf Hit 3,Prf Wt 3,Prf Crit 3,Prf Range 3,Skill Name 1,Skill Desc 1,Skill Name 2,Skill Desc 2,Skill Name 3,Skill Desc 3,Skill Name 4,Skill Desc 4
Ellerie,Supplier,https://cdn.discordapp.com/attachments/1283421999879950376/1283973147573485619/Ellerie_trim.png?ex=66e4f0ad&is=66e39f2d&hm=eb0cee3ef179190ae4df29008ffdcb21d2f92eecfe349bc5351a7ee97020d70a&,1,29,9,8,8,7,6,4,10,9,5,None,D,None,None,C,None,None,None,95,45,40,40,35,30,20,50,2,"Lead by Example, Supply, Canto+ (Promotion)",Fengyan,Chieftain,6,4,3,4,3,3,2,2,3,None,60,None,None,60,None,None,None,,,,,,,,,,,,,Fengyan,Adds luck to dmg/def/res initiating. x2 WT. Auto-repair.,Lance,3,7,85,8,0,1,,,,,,,,,,,,,,,,,,,Lead by Example,"On a kill, adjacent allies can act again. Once per turn.",Supply,This unit has access to the convoy.,Canto+,Can use leftover move after attacking and other actions.,,
Oriana,Dancer,https://cdn.discordapp.com/attachments/1283421999879950376/1283973267320868936/Oriana_trim.png?ex=66e4f0c9&is=66e39f49&hm=a31c696fa3b710f0691d3e96909fa98fd99730be103b36b5265e18559a2f773e&,8,28,11,13,13,17,4,0,9,6,6,B,None,None,None,None,None,None,None,80,25,40,40,55,15,5,35,1,"Blade Dance, Canto+ (Promotion)",,Wind Dancer,5,2,2,2,2,2,5,2,2,None,None,None,None,None,None,None,None,,,,,,,,,,,,,,,,,,,,,,,,,,,,,,,,,,,,,,,,Blade Dance,Refresh an allied unit and this unit. Once per turn.,Canto+,Can use leftover move after attacking and other actions.,,,,
Tower,War Monk,https://media.discordapp.net/attachments/1283421999879950376/1518873710227095652/Tower_by_Vlak_trim.png?ex=6a3b80df&is=6a3a2f5f&hm=8219e6922f13510fd9c35b08ed15d54866e721fb3a8192c09796645e060bc550&=&format=webp&quality=lossless&width=144&height=120,10,32,14,9,11,9,7,8,10,14,6,None,None,A,None,A,None,None,None,200,75,35,50,35,55,60,40,0,"Decay, Stun",,High Monk,10,10,6,3,3,6,6,0,1,None,None,None,None,None,None,None,A,,,,,,,,,,,,,,,,,,,,,,,,,,,,,,,,,,,,,,,,Decay,Adjacent foes have weapon triangle disadvantage regardless of weapon used.,Stun,Activate to prevent target from moving for 1 turn. Can't kill or double.,,,,
Pomelo,Pirate,https://cdn.discordapp.com/attachments/1283421999879950376/1283973267622989944/Pomelo_trim.png?ex=66e4f0ca&is=66e39f4a&hm=0ad857ac838f7551523e9a791b25ea98f445ce3701390ccdbfd23c7c1db442eb&,1,30,11,0,8,8,5,0,8,10,5,None,None,C,None,None,None,None,None,105,55,5,40,40,25,5,40,0,"Landboat, Drop Attack","Powder Blast, Jolting John",Corsair,6,2,2,2,2,1,0,2,1,None,None,60,None,None,None,None,None,,,,,,,,,,,,,Powder Blast,AoE -33% HP in 3 tiles of target. No x2. Auto-repair.,Bow,4,7,90,8,0,3-5,Jolting John,Hits Res. 3x Mt vs boats. No x2. Auto-repair.,Bow,4,10,110,10,45,3-5,,,,,,,,,,Landboat,"On ride, gain cannon use, increased move and Drop Attack.",Drop Attack,1 Dmg/-1 Dmg taken for every tile moved before exiting landboat.,,,,
Lindros,Mage,https://media.discordapp.net/attachments/1283421999879950376/1518873685664989336/Lindros_by_Vlak_trim.png?ex=6a3b80d9&is=6a3a2f59&hm=929daadcb63cefbd3920886c346172d6d3a455ff272a091ec8f85343781d0da2&=&format=webp&quality=lossless&width=144&height=120,1,23,1,13,13,7,2,9,7,4,5,None,None,None,None,None,D+30,None,None,70,5,65,65,35,10,45,35,0,Lunge,Guidance,Sage,3,0,2,2,2,2,2,2,1,None,None,None,None,C,60,None,None,,,,,,,,,,,,,Guidance,No dmg. 2nd action on use. Auto-repair.,Anima,3,0,100,0,0,3-10,,,,,,,,,,,,,,,,,,,Lunge,Swap places with the opponent after combat. Does not work if move is --.,,,,,,
Raylin,Sword Pegasus,https://media.discordapp.net/attachments/1283421999879950376/1518873708142268567/Raylin_by_Levin_trim.png?ex=6a3b80df&is=6a3a2f5f&hm=05588e573d99c5771e31af46dd8698639a023e189adcf3075d92c5574c89a1d9&=&format=webp&quality=lossless&width=144&height=120,1,23,7,8,7,13,3,8,8,7,7,D,None,None,None,None,None,None,None,70,35,40,35,65,15,40,40,0,"Swap, Amaterasu, Canto+",,Falcon Knight,3,3,2,1,2,1,3,2,1,60,None,None,None,None,None,None,None,,,,,,,,,,,,,,,,,,,,,,,,,,,,,,,,,,,,,,,,Swap,Allows this unit to swap positions with an adjacent ally.,Amaterasu,Allies in 2 range recover 33% HP each turn.,Canto+,Can use leftover move after attacking and other actions.,,
Reiker,Lance Cavalier,https://media.discordapp.net/attachments/1283421999879950376/1518873708469420142/Reiker_by_Levin_trim.png?ex=6a3b80df&is=6a3a2f5f&hm=6dbbff06b6ac7959e4d90d5d6326edd9074a7f44406de14519966b2871dd9932&=&format=webp&quality=lossless&width=144&height=120,1,31,6,1,12,10,0,0,12,8,7,None,D,None,None,None,None,None,None,110,30,10,60,50,5,5,60,0,"Full Force, Canto+",,Paladin,6,3,0,3,3,0,0,1,1,None,60,None,None,None,None,None,None,,,,,,,,,,,,,,,,,,,,,,,,,,,,,,,,,,,,,,,,Full Force,"When above 75% HP, double number of attacks.",Canto+,Can use leftover move after attacking and other actions.,,,,
Gecko,Villager,https://cdn.discordapp.com/attachments/1283421999879950376/1283973148387315723/Gecko_trim.png?ex=66e4f0ad&is=66e39f2d&hm=11b34153a7914eb03c0a6b699da0163ebf705a19b8069b9b90104d7a777465b1&,1,20,4,4,4,4,2,2,7,6,5,E,None,None,None,None,None,None,None,110,60,60,60,60,20,105,105,0,Galeforce,Frying Pan,Duelist,2,2,2,2,2,0,0,2,1,20,None,None,None,None,None,None,None,Dread Fighter,3,2,2,2,2,2,0,1,1,40,,Frying Pan,Spd/Def+4. Auto-repair.,Sword,6,8,100,6,50,1,,,,,,,,,,,,,,,,,,,Galeforce,Get a 2nd action upon defeating any enemy.,,,,,,
Mince,Enforcer,https://media.discordapp.net/attachments/1283421999879950376/1518873687011496088/Mince_by_Levin_original_by_Mournfulrelic_v2_trim.png?ex=6a3b80da&is=6a3a2f5a&hm=dddd142fe14f9f9ccd323ad6dbe51e0e3641be96f775fc7abe5beaa23ea99955&=&format=webp&quality=lossless&width=144&height=120,1,30,10,10,10,7,10,0,10,10,5,None,None,D+30,D+30,None,None,None,None,105,50,50,50,35,50,5,50,0,"Swarp, Canto+",Pot Battle Art,Guardian,3,3,0,3,3,3,0,3,1,None,None,60,60,None,None,None,None,,,,,,,,,,,,,Pot Battle Art,"If equipped, Swarp grants 2nd action
for -1 use. +10 Def. Auto-repair.",Axe,5,10,90,10,0,1-2,,,,,,,,,,,,,,,,,,,Swarp,Allows this unit to swap spots with an ally in Mag/2 range.,Canto+,Can use leftover move after attacking and other actions.,,,,
Yvette,Archer,https://media.discordapp.net/attachments/1283421999879950376/1518873756309917706/Yvette_by_Levin_trim.png?ex=6a3b80ea&is=6a3a2f6a&hm=05ea9594f9ff97710903e3a46ec590dc4a13f0440b20b67e62d45f8179c67bb2&=&format=webp&quality=lossless&width=144&height=120,3,35,13,0,9,8,5,0,11,10,5,None,None,None,C,None,None,None,None,125,60,5,40,35,20,5,50,0,Quick Rain,Crocodile ,Sniper,4,3,0,2,3,2,0,2,1,None,None,None,60,None,None,None,None,,,,,,,,,,,,,Crocodile,"On kill, act again, -2 move this turn.
x2 Strikes. Auto-repair. ",Bow,8,4,95,8,0,1-2,,,,,,,,,,,,,,,,,,,Quick Rain,Unit can guarantee a double and set hit rate to 70.,,,,,,
Telon,Freelancer,https://media.discordapp.net/attachments/1283421999879950376/1518873709463732424/Telon_by_Levin_trim.png?ex=6a3b80df&is=6a3a2f5f&hm=bf03fbaef8c81630ec872180e5b5515e30b40a27376ad69167afecbf1e96c612&=&format=webp&quality=lossless&width=144&height=120,3,26,9,0,13,13,6,0,10,7,5,None,D+30,None,None,None,None,None,None,75,40,5,60,60,25,5,45,0,Inner Power,"""Fair Fight""",Champion,3,2,0,3,2,3,0,2,1,C,60,None,None,None,None,None,None,,,,,,,,,,,,,"""Fair Fight""",Target Dmg -10 for 1 turn. No x2/crit. 2nd action on use. Auto-repair.,Lance,4,6,110,4,0,2-3,,,,,,,,,,,,,,,,,,,Inner Power,Activate to gain +50 hit/crit for 3 turns and fully heal.,,,,,,
Vermillion,Chicken,https://cdn.discordapp.com/attachments/1283421999879950376/1283973313349156936/Vermillion_trim.png?ex=66e4f0d4&is=66e39f54&hm=5f1af36200cdc9257b97f197c30656912e7059d0e7e6739401a4082d7400b2fb&,1,13,0,0,10,15,0,0,12,4,10,None,None,None,None,None,None,None,None,20,40,40,50,75,5,5,60,0,"Poison Strike, Evasion, Canto+, Miracle (Promotion)","Feather Fury, Astral Strike",Fledgling,3,2,0,0,0,0,0,0,0,None,None,None,None,None,None,None,None,Ariser,3,2,0,0,0,0,0,0,0,,,Feather Fury,"After attack, +1 Str/Mag for the chapter, up to +5. Auto-repair.",Anima,8,7,110,0,0,1-2,Astral Strike,Strikes five times. ,Monster,-,7,110,0,25,1,,,,,,,,,,Poison Strike,Deals damage equal to 33% of the enemy's current HP after a battle this unit initiates.,Evasion,"When at 2+ range, reduce enemy's attack by 75%.",Canto+,Can use leftover move after attacking and other actions.,Miracle,Survive a lethal attack if HP > 1. HP is reduced to 1.
Chalice,Shaman,https://media.discordapp.net/attachments/1283421999879950376/1518873637560782888/Chalice_by_Stitch_trim.png?ex=6a3b80ce&is=6a3a2f4e&hm=a015dfff26ee31f8f15d8f1c431bdf0b33802247d3e1f5dd1302167219d1cab6&=&format=webp&quality=lossless&width=144&height=120,3,28,6,13,3,8,10,2,13,7,5,None,None,None,None,C,None,None,None,85,30,60,15,35,45,10,55,0,Malediction,Harm,Druid,2,0,2,2,3,3,0,2,1,None,None,None,None,60,None,None,C,,,,,,,,,,,,,Harm,Magic +10. Auto-repair.,Staff (Weapon),5,0,120,7,0,1-3,,,,,,,,,,,,,,,,,,,Malediction,Enemies in 3 range have halved defence/resistance.,,,,,,
Oren,Halberdier,https://media.discordapp.net/attachments/1283421999879950376/1518873707785879656/Oren_by_Levin_trim.png?ex=6a3b80df&is=6a3a2f5f&hm=83e90a40cbab9d7f24de8aecbac81104f55319faf03923e1bb8d3f0f5d133087&=&format=webp&quality=lossless&width=144&height=120,16,42,20,0,22,15,18,0,21,11,6,None,A,A,None,None,None,None,None,85,50,5,60,35,40,5,60,1,"Shatter, Got Your Back",Oren Special,,,,,,,,,,,,,,,,,,,,,,,,,,,,,,,Oren Special,Def/Res +8. +8 Hit per tiled moved. Auto-repair.,Lance,5,16,48,16,0,1,,,,,,,,,,,,,,,,,,,Shatter,Add 4x difference in weapon weight to damage/crit.,Got Your Back,"If  this unit drops, rescues or is rescuing, get an extra action.",,,,
Nerysa,Scholar,https://media.discordapp.net/attachments/1283421999879950376/1518873687720464404/Nerysa_by_Levin_trim.png?ex=6a3b80da&is=6a3a2f5a&hm=8ffc92d6e637b06606e220c68828cbf5a51625dd7293bbc2e38f0e828af0f0fa&=&format=webp&quality=lossless&width=144&height=120,11,30,3,8,13,13,9,9,10,7,5,None,None,None,None,S,S,S,S,70,10,30,40,40,30,30,35,1,Powerstaff,,Warmancer,4,0,2,2,2,3,3,3,1,None,None,None,None,None,None,None,None,,,,,,,,,,,,,,,,,,,,,,,,,,,,,,,,,,,,,,,,Powerstaff,Get a 2nd action after taking the staff action.,,,,,,
Dune,Lance Pegasus,https://media.discordapp.net/attachments/1283421999879950376/1518873638097649685/Dune_by_Levin_trim.png?ex=6a3b80ce&is=6a3a2f4e&hm=a2df1fc31c4711389fb72320a57323160a9a14d8dfa4528f5f8b2fc8542c5bad&=&format=webp&quality=lossless&width=144&height=120,12,32,11,5,12,20,8,6,11,8,7,None,B,None,None,None,None,None,None,75,35,25,40,65,25,20,35,1,"Double Time, Canto+",Siphon Spear,Seraph Knight,4,2,0,1,2,2,2,2,1,None,60,None,None,None,None,None,None,,,,,,,,,,,,,Siphon Spear,Spd +5. Drains HP. Uses Mag. Auto-repair. ,Lance,8,11,120,5,0,1-2,,,,,,,,,,,,,,,,,,,Double Time,Sacrifice 12 HP to move again.,Canto+,Can use leftover move after attacking and other actions.,,,,
Murky,Trobairitiz,https://media.discordapp.net/attachments/1283421999879950376/1518873687409950720/Murky_done_trim.png?ex=6a3b80da&is=6a3a2f5a&hm=099916684278dddc05f81934e81115c9184298bc83b71ee11e6b24ca18e0c341&=&format=webp&quality=lossless&width=144&height=120,7,25,4,8,11,13,4,12,13,4,7,None,None,None,None,C,None,None,None,65,15,30,40,50,15,45,50,0,"Execute, Canto+",Dissect,Valkyrie,4,0,1,1,3,1,3,2,1,None,None,None,None,60,None,D,None,,,,,,,,,,,,,Dissect,"Targets Def. Auto-repair. Can't x2.
Self-buffs magic and boosts exp. ",Staff (Weapon),4,20,100,2,0,1,,,,,,,,,,,,,,,,,,,Execute,"When foe is not at full HP, this unit is guaranteed criticals.",Canto+,Can use leftover move after attacking and other actions.,,,,
Krynia,Recruit,https://cdn.discordapp.com/attachments/1283421999879950376/1283973194436317-/Krynia_trim.png?ex=66e4f0b8&is=66e39f38&hm=c24ec26c5df866e7b9d1bdeb1ab027a5fb26f97e20fab435f10271b0c18eec6b&,3,22,6,0,6,8,4,0,13,7,5,None,D,None,None,None,None,None,None,130,105,5,105,35,50,20,55,0,Tenacious ,Shadowflame,Spearmaiden,3,2,0,2,1,1,0,1,1,None,60,None,None,None,None,None,None,Commander,3,2,0,2,2,3,0,1,1,,60,Shadowflame,Def/Res +10. Ignores Def. No x2.,Monster,4,15,100,0,0,1-3,,,,,,,,,,,,,,,,,,,Tenacious ,"When defending, reduce damage taken by 25%. When initiating, add 25% of foe's max HP to attack.",,,,,,
Rohesia,Sword Saint,https://media.discordapp.net/attachments/1283421999879950376/1518873708813488219/Rohesia_by_Levin_trim.png?ex=6a3b80df&is=6a3a2f5f&hm=28c03efac34073b6ba2b7007f344466fdff306c315fbe824cec4ac657edffab8&=&format=webp&quality=lossless&width=144&height=120,14,31,10,2,22,22,10,0,12,8,7,S,None,None,None,None,None,None,None,80,80,40,160,160,80,10,120,0,Decapitate ,,,,,,,,,,,,,,,,,,,,,,,,,,,,,,,,,,,,,,,,,,,,,,,,,,,,,,,,,,,Decapitate ,Guarantees a critical on initiation.,,,,,,
Marlow,Mage Rider,https://media.discordapp.net/attachments/1283421999879950376/1518873686126493746/Marlow_by_Levin_trim.png?ex=6a3b80da&is=6a3a2f5a&hm=a8b158e8609558b7fa1cb3bb2262afb498cd150149268e898c5d570243e9ed5f&=&format=webp&quality=lossless&width=144&height=120,5,32,6,10,10,11,6,3,8,5,7,None,None,None,None,None,C,None,None,105,25,40,40,45,25,15,35,0,"Wild Surge, Wild Drain, Canto+",,Mage Knight,4,0,2,1,2,2,2,2,1,None,None,None,None,None,60,None,None,,,,,,,,,,,,,,,,,,,,,,,,,,,,,,,,,,,,,,,,Wild Surge,"After this unit attacks, all enemies within 2 tiles receive a random negative status.",Wild Drain,Enemies within 2 tiles with a status effect lose 20 hit and gives life drain to the attacker.,Canto+,Can use leftover move after attacking and other actions.,,
Whipjack,Thug,https://cdn.discordapp.com/attachments/1283421999879950376/1283973314024570972/Whipjack_trim.png?ex=66e4f0d5&is=66e39f55&hm=b7088627f5e4e4bc17c86439d6f17a84b06e2ca1d40dc858548a7281b81d6957&,6,32,15,0,13,10,8,0,9,10,5,C,None,None,None,None,None,None,None,90,60,5,50,40,30,5,35,0,Body Slam,Corpsedrinker,Renegade,5,2,0,2,3,1,0,2,1,60,None,None,None,None,None,None,None,,,,,,,,,,,,,Corpsedrinker,Def/Res -7. Drains HP. Auto-repair.,Sword,6,14,110,9,65,1,,,,,,,,,,,,,,,,,,,Body Slam,Add 25% of current HP to damage.,,,,,,
Francisca,Axe Wyvern,https://cdn.discordapp.com/attachments/1283421999879950376/1283973148198568016/Francisca_trim.png?ex=66e4f0ad&is=66e39f2d&hm=d3b1ba047a360efbc1d4128d561c6b4cfef01768155f26ec41ca9d0a9d7a24a9&,6,33,13,0,13,9,9,0,10,10,7,None,None,C,None,None,None,None,None,95,50,5,50,35,35,5,40,0,"Smite, Collision, Canto+",Francisca,Wyvern Lord,3,3,0,1,3,2,0,2,1,None,None,60,None,None,None,None,None,,,,,,,,,,,,,Francisca,Ignore Defence. Auto-repair.,Axe,5,15,95,13,0,1-2,,,,,,,,,,,,,,,,,,,Smite,Allows this unit to push another unit two tiles away.,Collision,"After moving 5+ tiles, +10 def/res and apply weaken on hit.",Canto+,Can use leftover move after attacking and other actions.,,
Acielle,Mystic,https://media.discordapp.net/attachments/1283421999879950376/1518873635690123304/Acielle_updated_by_Epicer_trim.png?ex=6a3b80ce&is=6a3a2f4e&hm=6786ff67defaea84ed89a92ccde59b92bb55cf274593987f3b706187c970c20e&=&format=webp&quality=lossless&width=144&height=120,5,27,2,8,12,12,2,14,12,3,5,None,None,None,None,None,None,C,None,75,10,35,50,50,10,60,50,0,Logmancy,,Oracle,4,0,2,2,3,1,2,2,1,None,None,None,None,None,None,60,None,,,,,,,,,,,,,,,,,,,,,,,,,,,,,,,,,,,,,,,,Logmancy,Summons a log that boosts its summoner's speed.,,,,,,
Qiulan,Bard,https://cdn.discordapp.com/attachments/1283421999879950376/1283973267937427476/Qiulan_trim.png?ex=66e4f0ca&is=66e39f4a&hm=b003be0374f9c4c1c6f52880c7c8ecc316a5ac6384f46032d9dbd0adf7c0f512&,3,25,1,6,11,11,8,8,10,3,6,None,None,None,None,None,None,S,None,50,5,50,50,50,50,50,50,0,"War Ballad, Breath of Life, Condemnation (Promotion)","Impending Doom, On Swift Wings, Unyielding Spirit",Battle Bard,1,0,1,1,1,1,1,1,1,None,None,None,None,None,None,None,None,Herald,2,0,2,2,2,2,2,1,1,,,Impending Doom,War Ballad Bonus: Adjacent allies +10 Dmg for 1 turn. No x2.,Light,3,0,120,0,0,1-5,On Swift Wings,War Ballad Bonus: Adjacent allies +5 Speed for 1 turn. No x2.  ,Light,3,0,120,0,0,1-5,Unyielding Spirit,War Ballad Bonus: Adjacent allies +5 Def/Res for 1 turn. No x2.,Light,3,0,120,0,0,1-3,War Ballad,"Adjacent ally +5 dmg/50 hit. After two attacks, the next Prf attack buffs adjacent allies and refreshes self.",Breath of Life,"Breath of Life: After attacking, allies in 3 tiles heal 33% max HP.",Condemnation,Target stats are reduced by 6 for 1 turn after battle.,,
Guard,Super Soldier,https://cdn.discordapp.com/attachments/1283421999879950376/1283973148848427133/Guard_trim.png?ex=66e4f0ad&is=66e39f2d&hm=d16c832f45b3d0530fd3c88c481e70ab1ee6e21889b3e7aaa8dae9e93c4005c5&,25,60,30,5,30,30,10,5,15,9,10,None,S,None,None,None,None,None,None,150,150,150,150,150,150,150,150,1,"Crit Boost, Miracle",,,,,,,,,,,,,,,,,,,,,,,,,,,,,,,,,,,,,,,,,,,,,,,,,,,,,,,,,,,Crit Boost,Critical rate +30.,Miracle,Survive a lethal attack if HP > 1. HP is reduced to 1.,,,,
Tasel,Wagon,https://media.discordapp.net/attachments/1283421999879950376/1518873709119668264/Tasel_by_Stitch_trim.png?ex=6a3b80df&is=6a3a2f5f&hm=b7959b8123351b381d6380a6e4fd21c2773b61c14383e2508d061e64587c2d9f&=&format=webp&quality=lossless&width=144&height=120,13,39,14,13,19,14,14,0,16,11,7,None,None,None,S,B,None,None,None,90,40,35,55,40,40,5,50,0,"Tonic Master, Supply, Canto+",Tonic,,,,,,,,,,,,,,,,,,,,,,,,,,,,,,,Tonic,"Pick an effect on staff or item use.
Item use doesn't end turn. ",Item,1,--,--,--,--,1-3,,,,,,,,,,,,,,,,,,,Tonic Master,This unit drinks tonic for buffs or throw at foes for statuses. Tonics refresh after 1 or 2 turns.,Supply,This unit has access to the convoy.,Canto+,Can use leftover move after attacking and other actions.,,
Iosaf,Cyclops,https://media.discordapp.net/attachments/1283421999879950376/1518873684951957554/Iosaf_by_Stitch_trim.png?ex=6a3b80d9&is=6a3a2f59&hm=3cc0dec70c1d9e497fe2ea0be4e730705e2089c1e113b81e17a821ff177d4ba3&=&format=webp&quality=lossless&width=144&height=120,4,40,8,5,6,14,3,0,12,14,5,None,None,D+30,None,None,None,None,None,135,35,55,25,60,15,5,60,0,"Assassinate, Waylay",Rock Stock,Big Cyclops,8,2,2,2,2,0,0,0,1,None,None,60,C,None,None,None,None,,,,,,,,,,,,,Rock Stock,Auto-repair. 2nd action on use.,Monster,3,13,80,30,0,3-7,,,,,,,,,,,,,,,,,,,Assassinate,"When attacking at 1 range, double before counter.",Waylay,Attack +6 when attacking from terrain.,,,,
Chixin,Sword Spirit,https://cdn.discordapp.com/attachments/1283421999879950376/1283973147087077521/Chixin_trim.png?ex=66e4f0ad&is=66e39f2d&hm=aa1fc923158556b18bcfacd446258ded6ffb3843ed8324a494419477512251ab&,8,24,16,0,16,10,11,7,10,6,5,None,None,None,None,None,None,None,None,55,60,5,60,35,40,25,40,0,Devour,"Iron Wave, Whirlwind, Thunderclap",Trueblade,3,3,0,3,2,3,3,0,1,B,None,None,None,None,None,None,None,,,,,,,,,,,,,Iron Wave,Def/Res +4.,Monster,-,4,80,0,0,1-2,Thunderclap,Hits Res. Def/Res -4.,Monster,-,17,100,0,0,1,Whirlwind,Canto+.,Monster,-,10,90,0,0,1,Devour,"On a kill, gain 1 turn of  +5 def/res and +1 move for the entire chapter, up to +10 move.",,,,,,
Thyme,Spellthief,https://media.discordapp.net/attachments/1283421999879950376/1518873709824315392/Thyme_by_Levin_trim.png?ex=6a3b80df&is=6a3a2f5f&hm=12af755be5109861f318234ef8b7518ea2de9a1da5346d74c6a5a1e87996b375&=&format=webp&quality=lossless&width=144&height=120,10,29,6,9,12,17,3,12,12,4,6,None,None,None,None,None,C,None,None,70,20,30,40,60,10,40,40,1,Spellsteal,Pacify,Crimecaster,3,0,2,2,2,2,2,2,1,None,None,None,None,C,60,None,None,,,,,,,,,,,,,Pacify,Luck +50. Auto-repair.,Anima,7,2,50,5,50,1-2,,,,,,,,,,,,,,,,,,,Spellsteal,"When fighting magic units, add their magic x3 to damage.",,,,,,
Basil,Seeker,https://media.discordapp.net/attachments/1283421999879950376/1518873636256092161/Basil_by_Levin_trim.png?ex=6a3b80ce&is=6a3a2f4e&hm=0b2c4b87819a1641b9250606c1e65f4241874482e8e8439bc00a77a08d0752da&=&format=webp&quality=lossless&width=144&height=120,10,33,12,7,17,10,11,6,13,6,5,None,None,None,None,None,None,None,B,85,50,25,60,35,35,20,45,0,"Dark Might, Canto+ (Promotion)",,Inquisitor ,4,1,2,1,2,2,2,2,3,None,None,None,None,None,None,None,60,,,,,,,,,,,,,,,,,,,,,,,,,,,,,,,,,,,,,,,,Dark Might,Adds strength to damage while fighting at 1 range.,Canto+,Can use leftover move after attacking and other actions.,,,,
Wisp,Assassin,https://media.discordapp.net/attachments/1283421999879950376/1518873754980188312/Wisp_by_Levin_trim.png?ex=6a3b80ea&is=6a3a2f6a&hm=e147893648315b3779c2610ef31a476fc3cd747fa6b1d20a13567262e7e2e4c2&=&format=webp&quality=lossless&width=144&height=120,13,30,18,6,22,24,6,3,11,8,7,A,None,None,None,None,None,None,None,55,50,15,60,65,15,10,35,0,Projection,Spiritslayer,,,,,,,,,,,,,,,,,,,,,,,,,,,,,,,Spiritslayer,Survive a lethal attack if HP > 1. Can't miss. Auto-repair.,Sword,8,10,-,0,0,1-2,,,,,,,,,,,,,,,,,,,Projection,"Can shift to ghost form, gaining increased move and ingore all terrain, but deal no damage.",,,,,,
Foxberry,Wanderer ,https://cdn.discordapp.com/attachments/1283421999879950376/1283973147980206165/Foxberry_trim.png?ex=66e4f0ad&is=66e39f2d&hm=c927339e6e0f0d32d8a20426dc5ffe641ffdca96e0cd37694412469476456bd7&,12,29,10,4,19,19,13,0,10,8,6,None,None,C,None,None,None,None,None,65,30,25,105,105,45,10,35,0,"Surprise Attack, Crit Boost ",Chain Hook,Wayfarer,4,3,3,1,1,3,0,2,1,None,None,60,None,None,None,None,None,,,,,,,,,,,,,Chain Hook,Pull an ally next to the user. Auto-repair. 2nd action after use.,Staff,4,--,--,--,--,1-5,,,,,,,,,,,,,,,,,,,Surprise Attack,"If an ally is also next to the unit's target, double this unit's Atk and Hit.",Crit Boost,Critical rate +30.,,,,
John XVI,Civilian,https://media.discordapp.net/attachments/1283421999879950376/1518873685346488360/John_XVI_by_Basilica_trim.png?ex=6a3b80d9&is=6a3a2f59&hm=00d0a9eb71a75c513f4306db4dd201be67b4550b645874999f233a2faf3c0549&=&format=webp&quality=lossless&width=144&height=120,13,61,19,0,13,18,2,1,16,8,6,None,None,None,None,None,None,None,None,130,70,5,35,65,25,15,50,0,"Mutate, Adrenaline",Stalk Prey,Civilian,6,3,0,3,3,0,0,2,1,None,None,None,None,None,None,None,None,,,,,,,,,,,,,Stalk Prey,Auto-repair. 2nd action. Mutates. Warp next to target. ,Monster,4,0,100,0,0,2-Jun,,,,,,,,,,,,,,,,,,,Mutate,"As an action, learn two random skills. These Skills are reset at the end of each chapter.",Adrenaline,Heal to full HP if within 5 tiles of an enemy at the start of turn.,,,,
Lilac,Summoner,https://cdn.discordapp.com/attachments/1283421999879950376/1283973194750885938/Lilac_trim.png?ex=66e4f0b8&is=66e39f38&hm=1be09ff2af61210db9f7729604bc79944250cf585e80234c8b1c1c24982117aa&,15,55,17,6,17,21,5,12,14,7,6,None,None,None,None,None,None,None,B,125,45,20,45,55,10,30,40,0,"Summon Self, Infantry March",,,,,,,,,,,,,,,,,,,,,,,,,,,,,,,,,,,,,,,,,,,,,,,,,,,,,,,,,,,Summon Self,"Summons a spectre of Lilac with lunge, pass, swarp and ignore terrain. Useable once per chapter.",Infantry March,"At start of turn, if unit is adjacent to an infantry ally, unit and adjacent infantry allies gain +2 Mov.",,,,
Ivadne,Runeplate,https://cdn.discordapp.com/attachments/1283421999879950376/1283973193765228605/Ivadne_trim.png?ex=66e4f0b8&is=66e39f38&hm=870533072b1b2087259971d7dc5384dbab3102cfb673a640f150e76303870696&,16,49,16,22,19,14,22,0,18,13,6,None,None,None,None,None,A,None,None,105,45,55,45,30,55,5,50,0,"Amplify, Canto+",Hailstrike,,,,,,,,,,,,,,,,,,,,,,,,,,,,,,,Hailstrike,Hits Def. Can't double/be doubled. Auto-repair.,Anima,7,14,114,14,0,1-Apr,,,,,,,,,,,,,,,,,,,Amplify,"If attacking without moving, guaranteed critical.",Canto+,Can use leftover move after attacking and other actions.,,,,
Xeo,Muse,https://media.discordapp.net/attachments/1283421999879950376/1518873755802140673/Xeo_by_Levin_trim.png?ex=6a3b80ea&is=6a3a2f6a&hm=b9539e87acd0e4f74d75787eccad749176723a50cfa1d4dc33f93fb60a8207ff&=&format=webp&quality=lossless&width=144&height=120,13,37,3,13,17,15,12,7,13,5,6,None,None,None,None,None,None,None,B,110,10,110,45,40,30,15,40,0,"Crescendo, Canto+ (Promotion)","Prolonged Pain, Inevitable Fate, Futile Struggle",Sonneteer,3,0,1,3,1,2,2,2,2,None,None,None,None,None,None,None,60,,,,,,,,,,,,,Futile Struggle,Foe -33% current HP after. No x2. Crescendo bonus: +5 Spd this turn.,Dark,9,0,100,0,0,1-5,Inevitable Fate,Gain +2 Dmg every turn. No x2. Crescendo bonus: +10 dmg this turn.,Dark,9,0,110,0,0,1-5,Prolonged Pain,Drain HP. Add Lost HP to Dmg. Crescendo bonus: +5 Def/Res this turn.,Dark,9,0,95,0,0,1-5,Crescendo,"After two attacks, the next Prf attack grants an extra action and a positive status effect for 1 turn.",Canto+,Can use leftover move after attacking and other actions.,,,,
Hagendire,Trickster,https://cdn.discordapp.com/attachments/1283421999879950376/1283973193031487570/Hagendire_trim.png?ex=66e4f0b8&is=66e39f38&hm=3da8ff105df2632f1b290e93b9ebe5a3786503de11a410358c4f3cff8e48a60d&,14,39,14,14,20,25,8,0,12,8,6,A,None,None,A,A,None,None,None,80,40,40,55,70,20,5,35,1,"Versatile, Provoke",,,,,,,,,,,,,,,,,,,,,,,,,,,,,,,,,,,,,,,,,,,,,,,,,,,,,,,,,,,Versatile,"Staff healing also heals self. Using swords, add Mag/2 to def/res. Using bows, add Magx2 to critical.",Provoke,Enemies are more likely to target this unit.,,,,
Unari,Hero,https://media.discordapp.net/attachments/1283421999879950376/1518873710600130681/Unari_by_Levin_trim.png?ex=6a3b80df&is=6a3a2f5f&hm=9c826ea4ac97d900b6ee3ba725453ea7a56c42742461a42a9f8a21936088ca54&=&format=webp&quality=lossless&width=144&height=120,18,49,18,0,22,20,17,0,17,10,6,A,None,A,None,None,None,None,None,95,40,5,50,45,35,5,45,2,Will to Live,Rapid Injector,,,,,,,,,,,,,,,,,,,,,,,,,,,,,,,Rapid Injector,Heals target Mag +20. Auto-repair. 2nd action on use.,Staff,5,--,--,--,--,1,,,,,,,,,,,,,,,,,,,Will to Live,Adjacent enemies have their attack speed reduced to 0.,,,,,,
Caloogo,Mogall Jockey,https://media.discordapp.net/attachments/1283421999879950376/1518873637262983208/Caloogo_by_L95_and_Stitch_trim.png?ex=6a3b80ce&is=6a3a2f4e&hm=019fe879eeafd7fc544542d433732b543b5ac1141645f31814902edfba8d1806&=&format=webp&quality=lossless&width=144&height=120,18,43,22,11,21,17,8,13,13,9,8,None,None,None,A,None,None,B,None,85,55,25,50,40,15,30,35,0,"Clean Shot, Pass, Canto+",,,,,,,,,,,,,,,,,,,,,,,,,,,,,,,,,,,,,,,,,,,,,,,,,,,,,,,,,,,Clean Shot,Damage +15 if there's no other foes in 3 range of target.,Pass,Can move through enemy units.,Canto+,Can use leftover move after attacking and other actions.,,
Zububai,Skinshaper,https://media.discordapp.net/attachments/1283421999879950376/1518873756850851961/Zububai_by_Stitch_trim.png?ex=6a3b80ea&is=6a3a2f6a&hm=e83e360658dad6e5431e8e94bd28d1f6019a975ebf4f5bccc1adacae1860066e&=&format=webp&quality=lossless&width=144&height=120,20,55,23,14,23,14,14,0,23,12,7,S,S,S,S,S,S,S,E,110,50,30,50,30,30,5,50,0,"Insight, Armsmaster",,,,,,,,,,,,,,,,,,,,,,,,,,,,,,,,,,,,,,,,,,,,,,,,,,,,,,,,,,,Insight,"When less than 5 damage taken, +33% to Str/Spd.",Armsmaster,"As a free action, choose a weapon type and gain +66 hit/avoid against that weapon type this turn. ",,,,
Sorbet,Lich/Behemoth ,https://cdn.discordapp.com/attachments/1283421999879950376/1283973311436554363/Sorbet_trim.png?ex=66e4f0d4&is=66e39f54&hm=c5becf5ed6aa0768e49d199cb9924e6a7b04fa0d4b343a8c299b5dec2935bf0b&,19,80,25,21,19,16,0,0,16,10,6,None,None,None,None,S,None,S,None,190,65,55,50,40,5,5,40,0,Alter Ego,,,,,,,,,,,,,,,,,,,,,,,,,,,,,,,,,,,,,,,,,,,,,,,,,,,,,,,,,,,Alter Ego,Has 2 forms and switching is a free action. Will only die if both forms die. Forms revive per chapter.,,,,,,
Aigo,Gold Knight,https://media.discordapp.net/attachments/1283421999879950376/1518873635945840752/Aigo_by_Lumi_trim.png?ex=6a3b80ce&is=6a3a2f4e&hm=f7994f4eccba6ea463b2ce3a867fbca8db70761045c3be465dab8916f2acbfda&=&format=webp&quality=lossless&width=144&height=120,15,45,19,22,20,13,17,0,15,11,8,A,A,A,None,None,None,None,None,95,50,65,55,40,45,5,45,0,"Weak Link, Canto+",,,,,,,,,,,,,,,,,,,,,,,,,,,,,,,,,,,,,,,,,,,,,,,,,,,,,,,,,,,Weak Link,Allies in 2 tiles add target's  missing HP to damage.,Canto+,Can use leftover move after attacking and other actions.,,,,
Maurice,Executioner ,https://media.discordapp.net/attachments/1283421999879950376/1518873686487339202/Maurice_by_Stitch_trim.png?ex=6a3b80da&is=6a3a2f5a&hm=3e791b84cf93cb7a268361d55e935d39c5132d6f8df4ba97aee744219897a82e&=&format=webp&quality=lossless&width=144&height=120,20,48,18,16,20,28,10,16,14,8,6,S,None,None,None,None,B,None,None,90,40,35,45,55,20,35,1,2,Blade Beam,,,,,,,,,,,,,,,,,,,,,,,,,,,,,,,,,,,,,,,,,,,,,,,,,,,,,,,,,,,Blade Beam,Maximum range of swords is increased by 3.,,,,,,
Joyful Jo,Doom Chicken,https://cdn.discordapp.com/attachments/1283421999879950376/1283973194235252827/Joyful_Jo_trim.png?ex=66e4f0b8&is=66e39f38&hm=a3953b125e68a0fdeae63c7413d903972e394efc51240616ef9b48fd3eafe979&,15,30,21,0,18,15,1,9,15,6,10,None,None,None,None,None,None,None,None,120,55,5,45,35,105,25,5,0,"Dragon Form, Canto+",,,,,,,,,,,,,,,,,,,,,,,,,,,,,,,,,,,,,,,,,,,,,,,,,,,,,,,,,,,Dragon Form,"While active, +20 Def,
breath access and lose canto+. If slain,
revert to original class instead of dying.",Canto+,Can use leftover move after attacking and other actions.,,,,
Empress,Sovereign,https://cdn.discordapp.com/attachments/1283421999879950376/1283973147800109152/Empress_trim.png?ex=66e4f0ad&is=66e39f2d&hm=a476527cf086a37b73f15d678a9963d3d67fcd357a99f95dcd66b36a40bbb299&,22,25,21,0,21,30,6,5,28,6,10,A,None,None,None,None,None,None,None,175,140,5,140,175,20,15,140,0,"Afterimage, Canto+",,,,,,,,,,,,,,,,,,,,,,,,,,,,,,,,,,,,,,,,,,,,,,,,,,,,,,,,,,,Afterimage,"Costs 4 move. Move restored each turn. While active, an action or death returns this unit to its original tile and refreshes.",Canto+,Can use leftover move after attacking and other actions.,,,,
Helisent,Tactician ,https://media.discordapp.net/attachments/1283421999879950376/1518873684650233956/Helisent_by_Basilica_trim.png?ex=6a3b80d9&is=6a3a2f59&hm=a4c6d2337f09bd1aafbdac00bb60a2252418a0d06a1b7740f213894ca505f975&=&format=webp&quality=lossless&width=144&height=120,10,34,2,0,18,18,12,0,14,4,5,None,None,None,None,None,None,None,None,75,10,5,50,50,35,5,50,4,"Fast Talker, Banger Advice, Rally Spectrum, Tide Skills",,,,,,,,,,,,,,,,,,,,,,,,,,,,,,,,,,,,,,,,,,,,,,,,,,,,,,,,,,,Fast Talker,This unit can take two actions every turn. ,Banger Advice,Refresh an ally unit and gives them +2 Str/Mag/Def until the next turn. Once per turn.,Rally Spectrum,Activate for +2 all stats for allies in 2 tiles for one turn.,Tide Skills,"+4 attack, defence, resistance, speed and +20 hit and avoid to adjacent allies."
Gil Goldfist,Lord,https://cdn.discordapp.com/attachments/1283421999879950376/1283973148584181854/Gil_Goldfist_trim.png?ex=66e4f0ad&is=66e39f2d&hm=177084c5b9ab15cbe9f0aefe594496d5a0cca3e979a426805e2b7ebfa24668be&,3,22,6,0,8,9,7,0,8,6,5,D,None,None,None,None,None,None,None,90,50,5,40,50,20,3,70,0,Certain Blow,"Iron Wave, Whirlwind, Thunderclap",Master Lord,8,8,0,8,8,8,0,0,8,191,None,None,None,None,None,None,None,,,,,,,,,,,,,Iron Wave,Def/Res +4.,Monster,-,4,80,0,0,1-2,Thunderclap,Hits Res. Def/Res -4.,Monster,-,17,100,0,0,1,Whirlwind,Canto+.,Monster,-,10,90,0,0,1,Certain Blow,Hit +10 when initiating battle.,,,,,,
Avatar1,Sword Wight,https://cdn.discordapp.com/attachments/1283421999879950376/1283973098776825926/Avatar1_trim.png?ex=66e4f0a1&is=66e39f21&hm=faab09cfeee42b731551f6e4cf4a828897952fabd7298263688fdd4896840bfa&,7,32,15,0,11,10,11,0,10,9,5,C,None,None,None,None,None,None,None,85,60,5,45,40,45,5,50,0,"Undying, Choice1, Choice2",,Ashen Wight,3,2,0,1,3,3,0,2,1,60,C,None,None,None,None,None,None,,,,,,,,,,,,,,,,,,,,,,,,,,,,,,,,,,,,,,,,Undying,Will revive if killed at the start of each chapter.,,,,,,
Avatar2,Bow Wight,https://cdn.discordapp.com/attachments/1283421999879950376/1283973099125211277/Avatar2_trim.png?ex=66e4f0a1&is=66e39f21&hm=ef6e5e8c8685a74fccddcb8d2d7717718d20a76d43259b86d321701065f0d23d&,7,31,14,0,14,10,8,0,10,8,5,None,None,None,C,None,None,None,None,80,55,5,55,40,35,5,50,0,"Bow Range +1, Choice1, Choice2",,Ashen Sniper,3,3,0,2,2,2,0,2,1,None,None,None,60,None,None,None,None,,,,,,,,,,,,,,,,,,,,,,,,,,,,,,,,,,,,,,,,Bow Range +1,Bow Range +1: Maximum range of equipped bows is increased.,,,,,,
Avatar3,Mogall,https://cdn.discordapp.com/attachments/1283421999879950376/1283973099435331684/Avatar3_trim.png?ex=66e4f0a1&is=66e39f21&hm=f21590c3b4f2dab7d34e4df1d8df0f7275efc88d2e52fa17b2c9c138d46ee7f5&,7,30,4,11,11,11,4,11,10,6,5,None,None,None,None,None,None,C,None,75,20,45,45,45,20,45,50,0,"Canto+, Choice1, Choice2",,Arch Mogall,3,0,2,2,2,2,2,2,1,None,None,None,None,None,None,60,None,,,,,,,,,,,,,,,,,,,,,,,,,,,,,,,,,,,,,,,,Canto+,Can use leftover move after attacking and other actions.,,,,,,
Avatar4,Gargoyle ,https://cdn.discordapp.com/attachments/1283421999879950376/1283973099875729490/Avatar4_trim.png?ex=66e4f0a2&is=66e39f22&hm=67ff9a8c0d9635660016c4641b5d360ba17ca1efce8766ca4d4796a5d31e92c0&,7,33,12,0,13,14,6,0,10,8,7,None,C,None,None,None,None,None,None,90,50,5,50,55,25,5,50,0,"Canto+, Choice1, Choice2",,Deathgoyle,4,4,0,1,2,2,0,2,1,None,60,None,None,None,None,None,None,,,,,,,,,,,,,,,,,,,,,,,,,,,,,,,,,,,,,,,,Canto+,Can use leftover move after attacking and other actions.,,,,,,
Avatar5,Tarvos,https://cdn.discordapp.com/attachments/1283421999879950376/1283973100194500660/Avatar5_trim.png?ex=66e4f0a2&is=66e39f22&hm=c6fcd2829b40e1d449f42d30f5c071b72b8c1a8ac94917bd0f397ca436bcafe3&,7,34,14,0,10,12,7,0,10,9,7,None,None,C,None,None,None,None,None,95,55,5,40,45,30,5,50,0,"Canto+, Choice1, Choice2",,Tarvos Elder,3,2,0,1,3,3,0,2,1,None,None,60,None,None,None,None,None,,,,,,,,,,,,,,,,,,,,,,,,,,,,,,,,,,,,,,,,Canto+,Can use leftover move after attacking and other actions.,,,,,,
Betrayer,Warrior,https://media.discordapp.net/attachments/1283421999879950376/1518873636692562010/Betrayer_by_Epicer_trim.png?ex=6a3b80ce&is=6a3a2f4e&hm=a26d46c84c17e3ec1e84f635eb3cd281b9e808dd476407dd6b16f8d649816608&=&format=webp&quality=lossless&width=144&height=120,7,54,22,20,18,16,12,10,14,12,6,None,None,A,A,None,None,None,None,100,70,60,50,40,20,10,30,0,Scheme,,,,,,,,,,,,,,,,,,,,,,,,,,,,,,,,,,,,,,,,,,,,,,,,,,,,,,,,,,,Scheme,Double number of attacks if there are no allies within 4 tiles.,,,,,,
Justice,Log,,5,34,12,0,10,10,7,2,9,20,6,None,None,None,None,None,None,None,None,110,55,5,45,45,35,10,40,0,"Reposition, Assist, Canto+",,,,,,,,,,,,,,,,,,,,,,,,,,,,,,,,,,,,,,,,,,,,,,,,,,,,,,,,,,,Reposition,Allows this unit to pull an adjacent ally to its opposite side.,Assist,The summoner when in 3 range has guaranteed double.,Canto+,Can use leftover move after attacking and other actions.,,
Lilac II,Summoner,https://cdn.discordapp.com/attachments/1283421999879950376/1283973194750885938/Lilac_trim.png?ex=66e4f0b8&is=66e39f38&hm=1be09ff2af61210db9f7729604bc79944250cf585e80234c8b1c1c24982117aa&,15,55,17,6,17,21,5,12,14,7,6,None,None,None,None,None,None,None,B,125,45,20,45,55,10,30,40,0,"Lunge, Pass, Swarp",,,,,,,,,,,,,,,,,,,,,,,,,,,,,,,,,,,,,,,,,,,,,,,,,,,,,,,,,,,Lunge,Swap places with the opponent after combat. Does not work if move is --.,Pass,Can move through enemy units.,Swarp,Allows this unit to swap spots with an ally in Mag/2 range.,,
Dazzledart,Bow Chicken,https://media.discordapp.net/attachments/1283421999879950376/1518873637803917466/Dazzledart_trim.png?ex=6a3b80ce&is=6a3a2f4e&hm=ae0ff16a65b25121df90d8e0f8e84b65b7235ba1df5f9c12c5e17d0ba86dc832&=&format=webp&quality=lossless&width=144&height=120,17,23,11,5,18,29,23,18,16,1,10,None,None,None,C,None,None,None,None,40,30,15,50,80,65,50,45,0,"Bird of Prey, Soaring Eagle, Canto+",,Predator,6,2,2,2,2,2,2,1,0,C,None,None,None,None,C,None,None,,,,,,,,,,,,,,,,,,,,,,,,,,,,,,,,,,,,,,,,Bird of Prey,Minimum range +1. Dealing effective damage gives this unit a second turn.,Soaring Eagle,"After four rounds of combat, can activate ""airborne"": For one round, gain flight, +8 bow range and ignores defence.",Canto+,Can use leftover move after attacking and other actions.,,
Big Berd,Bookzerker,https://media.discordapp.net/attachments/1283421999879950376/1518873637006999653/Big_Berd_by_Stitch_trim.png?ex=6a3b80ce&is=6a3a2f4e&hm=429bcd7a011fc4434bb0aa79619bb67ad6646cc7cf63384c2789bae5c9550f1d&=&format=webp&quality=lossless&width=144&height=120,19,70,29,17,8,9,20,13,23,15,8,None,None,A,None,None,B,None,None,135,70,100,25,30,55,40,60,0,"Renewal, Philomath",,,,,,,,,,,,,,,,,,,,,,,,,,,,,,,,,,,,,,,,,,,,,,,,,,,,,,,,,,,Renewal,Restore 30% of max HP at the start of each turn.,Philomath,When using Tomes: Fire gives +8 Def/Res. Thunder gives can't miss and +70 crit. Wind gives full move canto. Water gives attack speed +20.,,,,
